,Step,AgentID,Preference,Power,Utility
Step,1.0,2.791798977711709e-12,0.8680452031302139,0.019289114581604955,0.06150156455990925
AgentID,2.791798977711709e-12,1.0,-0.02145641852044492,0.35871552114362976,0.34516501500140306
Preference,0.8680452031302139,-0.02145641852044492,1.0,0.0545471826622384,0.08921075913416744
Power,0.019289114581604955,0.35871552114362976,0.0545471826622384,1.0,0.9868479409004405
Utility,0.06150156455990925,0.34516501500140306,0.08921075913416744,0.9868479409004405,1.0
