,Coef.,Std.Err.,t,P>|t|,[0.025,0.975]
Initial number,-0.004318712256385051,0.0006434591600475316,-6.711711518825892,1.206849057876399e-07,-0.005627839760785656,-0.0030095847519844457
Power,111.86842192583023,8.00297874686592,13.978347995693413,2.0341530710250443e-15,95.58623924016959,128.15060461149088
Utility,-0.730051027839092,0.07788225966638314,-9.373778200149077,7.969760264674364e-11,-0.8885036765302701,-0.571598379147914
