,Step,AgentID,Preference,Power,Proximity,Utility,Influence Message,Ideology,Stakeholder Pref
Step,1.0,0.011638629002855103,0.3364202032869724,0.06651906248523146,7.373692582979879e-16,0.20454950517391915,0.03147029959783705,-8.647665511843364e-16,0.7489998801603857
AgentID,0.011638629002855103,1.0,-0.08417097918081047,-0.31318152256239495,-0.726072433228304,-0.18167613311981146,-0.36107929675244765,0.0489881611506414,-0.034619340155599566
Preference,0.3364202032869724,-0.08417097918081047,1.0,0.029076317704498603,0.4219419518243998,0.04495451058371489,0.359530451060698,0.3317871517985984,0.4839845301705828
Power,0.06651906248523146,-0.31318152256239495,0.029076317704498603,1.0,0.23843260721861706,0.8758067494175094,0.23161339276020404,-0.03960940652986273,0.05914253638542623
Proximity,7.373692582979879e-16,-0.726072433228304,0.4219419518243998,0.23843260721861706,1.0,0.12929982152919184,0.8013699030253272,-0.08606109613864892,0.08086768791076633
Utility,0.20454950517391915,-0.18167613311981146,0.04495451058371489,0.8758067494175094,0.12929982152919184,1.0,0.14411175934328782,-0.024924130035503093,0.14768241987859881
Influence Message,0.03147029959783705,-0.36107929675244765,0.359530451060698,0.23161339276020404,0.8013699030253272,0.14411175934328782,1.0,0.036624918313713166,0.12043761650511715
Ideology,-8.647665511843364e-16,0.0489881611506414,0.3317871517985984,-0.03960940652986273,-0.08606109613864892,-0.024924130035503093,0.036624918313713166,1.0,0.019092697535027736
Stakeholder Pref,0.7489998801603857,-0.034619340155599566,0.4839845301705828,0.05914253638542623,0.08086768791076633,0.14768241987859881,0.12043761650511715,0.019092697535027736,1.0
