,Step,AgentID,Preference,Power,Utility,Influence Message,Stakeholder Pref
Step,1.0,0.02216537133125634,0.30984922094333656,0.07366815104735823,0.192927796196432,0.0369988833924667,0.4121460764613553
AgentID,0.02216537133125634,1.0,-0.13302664968795172,-0.04292910232669109,0.012974290620973354,-0.4204342531097708,-0.08094279978491076
Preference,0.30984922094333656,-0.13302664968795172,1.0,0.00033917313755782777,0.05514621598252535,0.3821674689151181,0.3974150677232121
Power,0.07366815104735823,-0.04292910232669109,0.00033917313755782777,1.0,0.8636864682863955,0.26096124410808624,0.03802589901054927
Utility,0.192927796196432,0.012974290620973354,0.05514621598252535,0.8636864682863955,1.0,0.14519753302065155,0.05641801801975187
Influence Message,0.0369988833924667,-0.4204342531097708,0.3821674689151181,0.26096124410808624,0.14519753302065155,1.0,0.09888025010378854
Stakeholder Pref,0.4121460764613553,-0.08094279978491076,0.3974150677232121,0.03802589901054927,0.05641801801975187,0.09888025010378854,1.0
